<?xml version="1.0" encoding="UTF-8" standalone="yes"?>
<addon id="repository.nixgates" name="Nixgates Repo" version="2.0.1" provider-name="Nixgates">
	<extension point="xbmc.addon.repository" name="Nixgates Repo">
		<dir minversion="18.0">
			<info compressed="false">https://raw.githubusercontent.com/nixgates/nixgates/master/packages/leia/addons.xml</info>
			<checksum>https://raw.githubusercontent.com/nixgates/nixgates/master/packages/leia/addons.xml.md5</checksum>
			<datadir zip="true">https://raw.githubusercontent.com/nixgates/nixgates/master/packages/leia/</datadir>
		</dir>
	</extension>
	<extension point="xbmc.addon.metadata">
		<summary>Nixgates</summary>
		<description>Nixgates Repository</description>
		<platform>all</platform>
	</extension>
</addon>