<window type="dialog">
    <defaultcontrol>2</defaultcontrol>
    <coordinates>
        <left>0</left>
        <top>0</top>
    </coordinates>
    <controls>
        <!-- Background Texture -->
        <control type="image">
            <texture>$INFO[Window().Property(texture.white)]</texture>
            <colordiffuse>FF000000</colordiffuse>
        </control>
        <!-- Background -->
        <control type="image">
            <top>0</top>
            <left>0</left>
            <width>1920</width>
            <height>1080</height>
            <texture background="true">$INFO[Window().Property(item.art.fanart)]</texture>
            <colordiffuse>66FFFFFF</colordiffuse>
        </control>

        <!-- Side Info -->
        <control type="group">
            <top>320</top>
            <left>1450</left>
            <control type="image">
                <width>400</width>
                <top>-200</top>
                <aspectratio>keep</aspectratio>
                <texture>$INFO[Window().Property(item.art.poster)]</texture>
            </control>
            <control type="group">
                <top>450</top>
                <control type="label">
                    <top>20</top>
                    <width>400</width>
                    <font>font12</font>
                    <textcolor>AAFFFFFF</textcolor>
                    <align>center</align>
                    <aligny>center</aligny>
                    <label>[COLOR $INFO[Window().Property(settings.color)]]$INFO[Window().Property(item.info.title)] [/COLOR]</label>
                </control>
                <control type="label">
                    <top>80</top>
                    <width>400</width>
                    <font>font10</font>
                    <textcolor>AAFFFFFF</textcolor>
                    <align>center</align>
                    <aligny>center</aligny>
                    <visible>!String.IsEmpty(Window().Property(item.info.season))</visible>
                    <label>Season: [COLOR $INFO[Window().Property(settings.color)]]$INFO[Window().Property(item.info.season)] [/COLOR] | Episode: [COLOR $INFO[Window().Property(settings.color)]] $INFO[Window().Property(item.info.episode)][/COLOR]</label>
                </control>
                <control type="label">
                    <top>80</top>
                    <width>400</width>
                    <font>font10</font>
                    <textcolor>AAFFFFFF</textcolor>
                    <align>center</align>
                    <aligny>center</aligny>
                    <visible>String.IsEmpty(Window().Property(item.info.season))</visible>
                    <label>Year: [COLOR $INFO[Window().Property(settings.color)]]$INFO[Window().Property(item.info.year)] [/COLOR] | Rating: [COLOR $INFO[Window().Property(settings.color)]] $INFO[Window().Property(item.info.rating)][/COLOR]</label>
                </control>
                <control type="label">
                    <top>140</top>
                    <width>400</width>
                    <font>font10</font>
                    <textcolor>AAFFFFFF</textcolor>
                    <align>center</align>
                    <aligny>center</aligny>
                    <label>Aired: [COLOR $INFO[Window().Property(settings.color)]]$INFO[Window().Property(item.info.aired)] [/COLOR]</label>
                </control>
            </control>

        </control>

        <!-- Seren Logo -->
        <control type="image" id="1001">
            <top>-790</top>
            <left>880</left>
            <width>150</width>
            <aspectratio>keep</aspectratio>
            <texture>$INFO[Window().Property(seren.logo)]</texture>
        </control>

        <!-- Grouplist Texture -->
        <control type="image">
            <visible>true</visible>
            <left>50</left>
            <top>300</top>
            <width>1300</width>
            <height>800</height>
            <border>5</border>
            <texture>$INFO[Window().Property(texture.white)]</texture>
            <colordiffuse>AA2e2d32</colordiffuse>
        </control>

        <!-- Sources List -->
        <control type="list" id="1000">
            <viewtype label="Sources">list</viewtype>
            <left>50</left>
            <top>300</top>
            <width>1300</width>
            <height>790</height>
            <orientation>vertical</orientation>
            <focusposition>1</focusposition>
            <itemlayout height="120">
                <control type="label">
                    <top>10</top>
                    <left>10</left>
                    <width>1400</width>
                    <height>50</height>
                    <font>font12</font>
                    <textcolor>AAFFFFFF</textcolor>
                    <align>left</align>
                    <aligny>center</aligny>
                    <label>[UPPERCASE]$INFO[ListItem.Label][/UPPERCASE]</label>
                </control>

                <control type="label">
                    <top>50</top>
                    <left>10</left>
                    <width>auto</width>
                    <height>50</height>
                    <font>font10</font>
                    <textcolor>AAFFFFFF</textcolor>
                    <align>left</align>
                    <label>Debrid Provider: [UPPERCASE][COLOR $INFO[Window().Property(settings.color)]]$INFO[ListItem.Property(debrid_provider)][/COLOR][/UPPERCASE]</label>
                </control>
                <control type="label">
                    <top>30</top>
                    <left>500</left>
                    <font>font10</font>
                    <textcolor>AAFFFFFF</textcolor>
                    <label>Source: [UPPERCASE][COLOR $INFO[Window().Property(settings.color)]]$INFO[ListItem.Property(scraper)][/COLOR][/UPPERCASE]</label>
                </control>
                <control type="label">
                    <top>30</top>
                    <left>800</left>
                    <font>font10</font>
                    <textcolor>AAFFFFFF</textcolor>
                    <label>Source Type: [UPPERCASE][COLOR $INFO[Window().Property(settings.color)]]$INFO[ListItem.Property(type)][/COLOR][/UPPERCASE]</label>
                </control>
                <control type="label">
                    <top>80</top>
                    <left>10</left>
                    <width>auto</width>
                    <font>font10</font>
                    <textcolor>AAFFFFFF</textcolor>
                    <align>left</align>
                    <font>font10</font>
                    <label>Resolution: [UPPERCASE][COLOR $INFO[Window().Property(settings.color)]]$INFO[ListItem.Property(quality)][/COLOR][/UPPERCASE]</label>
                </control>
                <control type="label">
                    <top>80</top>
                    <left>500</left>
                    <textcolor>AAFFFFFF</textcolor>
                    <font>font10</font>
                    <label>Info: [UPPERCASE][COLOR $INFO[Window().Property(settings.color)]]$INFO[ListItem.Property(info)][/COLOR][/UPPERCASE]</label>
                </control>
            </itemlayout>

            <focusedlayout height="120">
                <control type="image">
                    <width>100%</width>
                    <height>100%</height>
                    <texture>$INFO[Window().Property(texture.white)]</texture>
                    <colordiffuse>22FeFdf2</colordiffuse>
                </control>
                <control type="label">
                    <top>10</top>
                    <left>10</left>
                    <width>1400</width>
                    <height>50</height>
                    <font>font12</font>
                    <textcolor>FFFFFFFF</textcolor>
                    <align>left</align>
                    <aligny>center</aligny>
                    <label>[UPPERCASE]$INFO[ListItem.Label][/UPPERCASE]</label>
                </control>
                <control type="label">
                    <top>50</top>
                    <left>10</left>
                    <width>auto</width>
                    <height>50</height>
                    <font>font10</font>
                    <textcolor>FFFFFFFF</textcolor>
                    <align>left</align>
                    <label>Debrid Provider: [UPPERCASE][COLOR $INFO[Window().Property(settings.color)]]$INFO[ListItem.Property(debrid_provider)][/COLOR][/UPPERCASE]</label>
                </control>
                <control type="label">
                    <top>30</top>
                    <left>500</left>
                    <textcolor>FFFFFFFF</textcolor>
                    <font>font10</font>
                    <label>Source: [UPPERCASE][COLOR $INFO[Window().Property(settings.color)]]$INFO[ListItem.Property(scraper)][/COLOR][/UPPERCASE]</label>
                </control>
                <control type="label">
                    <top>30</top>
                    <left>800</left>
                    <textcolor>FFFFFFFF</textcolor>
                    <font>font10</font>
                    <label>Source Type: [UPPERCASE][COLOR $INFO[Window().Property(settings.color)]]$INFO[ListItem.Property(type)][/COLOR][/UPPERCASE]</label>
                </control>
                <control type="label">
                    <top>80</top>
                    <left>10</left>
                    <width>auto</width>
                    <font>font10</font>
                    <textcolor>FFFFFFFF</textcolor>
                    <align>left</align>
                    <font>font10</font>
                    <label>Resolution: [UPPERCASE][COLOR $INFO[Window().Property(settings.color)]]$INFO[ListItem.Property(quality)][/COLOR][/UPPERCASE]</label>
                </control>
                <control type="label">
                    <top>80</top>
                    <left>500</left>
                    <textcolor>FFFFFFFF</textcolor>
                    <font>font10</font>
                    <label>Info: [UPPERCASE][COLOR $INFO[Window().Property(settings.color)]]$INFO[ListItem.Property(info)][/COLOR][/UPPERCASE]</label>
                </control>
            </focusedlayout>
        </control>

         <!--LAYOUT GRID-->
        <!--<control type="image">-->
            <!--<width>100%</width>-->
            <!--<height>100%</height>-->
            <!--<texture>$INFO[Window(13000).Property(test_pattern)]</texture>-->
            <!--<colordiffuse>55FFFFFF</colordiffuse>-->
        <!--</control>-->
    </controls>
</window>