<?xml version="1.0" encoding="UTF-8" standalone="yes"?>
<addon id="plugin.video.Seren" version="0.1.04" name="Seren" provider-name="Nixgates">
	<requires>
		<import addon="xbmc.python" version="2.19.0" />
		<import addon="script.module.requests" version="2.19.1" />
		<import addon="script.module.beautifulsoup4" version="4.5.3"/>
		<import addon="script.module.metahandler" version="1.0.0" />
		<import addon="plugin.video.youtube" version="6.2.0"/>
		<import addon="script.module.addon.signals" version="0.0.1"/>
	</requires>
	<extension point="xbmc.python.pluginsource" library="seren.py">
		<provides>video</provides>
	</extension>
	<extension point="xbmc.service" library="service.py" />
	<extension point="xbmc.addon.metadata">
		<summary lang="en">Seren - This Addon is currently in beta. Please be aware there may be bugs present</summary>
		<description lang="en">Seren - This Addon is currently in beta. Please be aware there may be bugs present</description>
		<platform>all</platform>
		<license>GNU GENERAL PUBLIC LICENSE. Version 3, 29 June 2007</license>
		<forum></forum>
		<website></website>
		<source></source>
		<disclaimer lang="en">The author of this addon do not host any of the content which is found and have no affiliation with any of the content providers. This addon simply searches websites for content. Use at your own risk!</disclaimer>
		<assets>
			<icon>temp-icon.png</icon>
			<fanart>temp-fanart.png</fanart>
		</assets>
		<news>

		</news>
	</extension>
</addon>
